Wall time,Step,Value
1731328046.733447,1,0.8227323889732361
1731329301.6160707,2,0.8227238059043884
1731330565.8537025,3,0.7875383496284485
1731331824.4476378,4,0.7786189913749695
1731333086.3385189,5,0.834806501865387
1731334334.3248172,6,0.7786164283752441
1731335600.9324453,7,0.7578706741333008
1731336873.0508735,8,0.7829984426498413
1731338130.5172987,9,0.8239460587501526
1731339395.7730625,10,0.8383652567863464
