epoch,training_loss,val_loss
0,0.902348912,1.302487234
1,0.783495283,1.265738912
2,0.684927451,1.212384751
3,0.672374891,1.207239482
4,0.557283749,1.142837192
5,0.513847591,1.121374812
6,0.481273948,1.108374912
7,0.457382918,1.104837241
8,0.439283741,1.097239471
9,0.427348291,1.091234712