Epoch,Training Loss,Validation Loss
0,0.1521325409412384,0.4277857542037964
1,0.09789134562015533,0.35947293043136597
2,0.07462847977876663,0.3994066119194031
3,0.06160927191376686,0.48958849906921387
4,0.053544849157333374,0.4799988567829132
5,0.04801260679960251,0.5309081673622131
6,0.04258648306131363,0.5173003673553467
