epoch,accuracy,loss,val_accuracy,val_loss
0,0.5000578761100769,0.6944426894187927,0.5021872520446777,0.6931420564651489
1,0.49973687529563904,0.6932055354118347,0.5021872520446777,0.6931371092796326
2,0.49981972575187683,0.6932075023651123,0.5021872520446777,0.6931445598602295
